,Rank,city,state,latitude,longitude,July_2016,breweries_5,breweries_10,breweries_25,ratings_5,ratings_10,ratings_25,review_count_5,review_count_10,review_count_25,price_5,price_10,price_25,brew_per_100k_5,brew_per_100k_10,brew_per_100k_25,review_per_100k_5,review_per_100k_10,review_per_100k_25
0,1,New York,New York,40.7127837,-74.0059413,8537673,29,49,112,4.23033066222,4.22249268221,4.13258781627,218.379310345,181.469387755,141.785714286,1.71034482759,1.68571428571,1.68392857143,0.339671008716,0.573926876797,1.31183286125,2.55783174578,2.12551344793,1.66070677907
1,2,Los Angeles,California,34.0522342,-118.2436849,3976322,16,45,144,4.30504101949,4.180751686,4.14196772759,352.5625,365.822222222,322.201388889,1.51704545455,1.58909090909,1.63295454545,0.402381899655,1.13169909278,3.6214370969,8.86654803107,9.20001504461,8.10300043329
2,3,Chicago,Illinois,41.8781136,-87.6297982,2704958,22,41,112,4.26540395487,4.28421784167,4.12655151048,252.954545455,174.195121951,154.6875,1.86363636364,1.82926829268,1.79464285714,0.813321315895,1.51573517962,4.14054488092,9.35151471685,6.43984571854,5.71866550238
3,4,Houston,Texas,29.7604267,-95.3698028,2303482,25,36,67,4.16953380908,4.15617059327,3.99214654746,178.4,167.527777778,145.388059701,1.56,1.62896825397,1.69243070362,1.08531345155,1.56285137023,2.90864005015,7.74479679025,7.27280602921,6.31166467554
5,5,Phoenix,Arizona,33.4483771,-112.0740373,1615017,12,33,80,4.15316577865,4.17763020969,4.05398036392,199.833333333,213.484848485,209.65,1.62698412698,1.71051171051,1.79308608059,0.743026234399,2.0433221446,4.95350822933,12.3734507645,13.2187369226,12.9812875035
4,6,Philadelphia,Pennsylvania,39.9525839,-75.1652215,1567872,16,36,98,4.23115849109,4.24113572455,4.07080934101,117.0,117.472222222,94.0918367347,1.5625,1.61111111111,1.67346938776,1.02049146869,2.29610580456,6.25051024573,7.46234386481,7.49246253662,6.00124479133
6,7,San Antonio,Texas,29.4241219,-98.4936282,1492510,19,28,41,3.90480335908,3.95283350603,3.94053068342,210.684210526,175.607142857,154.390243902,1.82706766917,1.80612244898,1.81881533101,1.27302329633,1.87603433143,2.74705027102,14.1161004299,11.7658938873,10.3443356428
7,8,San Diego,California,32.715738,-117.1610838,1406630,47,85,149,4.2834142893,4.29448899434,4.22412083762,253.808510638,235.670588235,249.053691275,1.40694288914,1.39380804954,1.41723772519,3.34131932349,6.04281154248,10.5926931745,18.0437293843,16.7542700095,17.7057002392
8,9,Dallas,Texas,32.7766642,-96.7969879,1317929,28,31,81,4.09680933884,4.08830574755,4.03017291387,178.142857143,175.0,139.839506173,1.64285714286,1.67741935484,1.68518518519,2.12454540419,2.35217526893,6.14600634784,13.5168781583,13.2784087762,10.6105492916
9,10,San Jose,California,37.3382082,-121.8863286,1025350,17,23,60,3.97345287591,3.95708126072,3.97758177942,312.882352941,298.086956522,295.15,1.64705882353,1.69565217391,1.76666666667,1.65797044911,2.24313648998,5.85166040864,30.5146879545,29.0717273635,28.7852928268
10,11,Austin,Texas,30.267153,-97.7430608,947890,30,45,78,4.28712700744,4.26833944042,4.25728248612,211.666666667,199.355555556,156.743589744,1.58837209302,1.54780361757,1.58527131783,3.16492420007,4.7473863001,8.22880292017,22.3302985227,21.0315074065,16.5360526795
12,12,Jacksonville,Florida,30.3321838,-81.655651,880619,16,22,38,4.11620056402,4.06065586464,4.04112697024,63.1875,72.9545454545,71.5263157895,1.50625,1.55454545455,1.63684210526,1.81690379154,2.49824271336,4.3151465049,7.17535052049,8.28446189039,8.12227714704
13,13,San Francisco,California,37.7749295,-122.4194155,870887,34,58,112,4.12825089763,4.20723321495,4.14336347925,376.441176471,320.810344828,308.660714286,1.85294117647,1.68169761273,1.72802197802,3.90406562505,6.65987665449,12.8604514707,43.2250310856,36.8371952765,35.442108366
14,14,Columbus,Ohio,39.9611755,-82.9987942,860090,34,48,70,3.8337988625,3.82852512682,3.87381147281,116.617647059,98.0,91.8142857143,1.69803921569,1.72361111111,1.75333333333,3.95307467823,5.58081131044,8.13868316106,13.5587725772,11.3941564255,10.674962587
11,15,Indianapolis,Indiana,39.768403,-86.158068,855164,23,35,79,4.11019624937,4.04543664613,3.98028191998,118.217391304,110.657142857,92.4303797468,1.52173913043,1.54603174603,1.66508438819,2.68954259066,4.09278220318,9.23799411575,13.8239438639,12.9398738554,10.8084975217
16,16,Fort Worth,Texas,32.7554883,-97.3307658,854113,16,21,41,4.08587496837,4.02191715701,3.98554450369,141.125,121.619047619,103.43902439,1.625,1.66666666667,1.65853658537,1.87328842905,2.45869106313,4.80030159944,16.5229893468,14.239222166,12.1106954689
15,17,Charlotte,North Carolina,35.2270869,-80.8431267,842051,32,39,73,4.20966809353,4.20398644656,4.19621272032,106.65625,99.2820512821,76.2739726027,1.5,1.51282051282,1.54794520548,3.80024487828,4.6315484454,8.66930862857,12.6662458687,11.7905033403,9.05811792905
20,18,Seattle,Washington,47.6062095,-122.3320708,704352,46,66,181,4.31964421977,4.28206221819,4.1623051777,137.0,134.348484848,108.060773481,1.28260869565,1.36363636364,1.50539331755,6.53082549634,9.37031484258,25.6973785834,19.4505020217,19.0740545705,15.3418707522
21,19,Denver,Colorado,39.7392358,-104.990251,693060,56,89,176,4.13509289321,4.14956061703,4.10911878294,176.375,152.719101124,137.75,1.41071428571,1.48314606742,1.54597107438,8.08010850431,12.8416010158,25.3946267278,25.4487345973,22.0354804957,19.8756240441
18,20,El Paso,Texas,31.7775757,-106.4424559,683080,8,9,11,4.03141396306,3.99680447074,4.04747730342,97.0,96.5555555556,81.0909090909,1.625,1.66666666667,1.63636363636,1.17116589565,1.31756163261,1.61035310652,14.2003864847,14.1353217128,11.8713633968
22,21,Washington,District of Columbia,38.9071923,-77.0368707,681170,29,46,91,3.79048351351,3.75224512662,3.84310897554,215.24137931,234.869565217,219.934065934,1.82131661442,1.84387351779,1.85514485514,4.25738068324,6.753086601,13.3593669715,31.5987755348,34.4803155185,32.2876911687
23,22,Boston,Massachusetts,42.3600825,-71.0588801,673184,32,40,75,4.29323057019,4.31334158064,4.09948080584,161.84375,149.275,122.186666667,1.76785714286,1.76428571429,1.80095238095,4.75352949565,5.94191186956,11.1410847554,24.0415324785,22.1744723582,18.1505601242
17,23,Detroit,Michigan,42.331427,-83.0457538,672795,11,17,70,3.9284209383,3.87699981124,3.84667015614,245.818181818,196.470588235,144.342857143,1.81818181818,1.70588235294,1.81428571429,1.63497053337,2.52677264248,10.4043579396,36.5368621673,29.2021474945,21.4542107392
24,24,Nashville-Davidson,Tennessee,36.1626638,-86.7816016,660388,34,40,49,4.19132392626,4.169334433,4.16315323134,116.441176471,105.325,98.3469387755,1.48529411765,1.4625,1.52040816327,5.14848846436,6.05704525219,7.41988043393,17.6322368775,15.9489572797,14.8922964644
19,25,Memphis,Tennessee,35.1495343,-90.0489801,652717,10,12,18,3.88475113157,3.87048248907,3.93089454343,134.2,117.916666667,95.8333333333,1.6,1.58333333333,1.61111111111,1.53205753795,1.83846904554,2.75770356832,20.5602121593,18.0655118017,14.682218072
28,26,Portland,Oregon,45.5230622,-122.6764816,639863,43,79,143,4.20963531127,4.17091426958,4.12413638888,268.255813953,181.367088608,133.755244755,1.65803382664,1.616570771,1.5923712651,6.72018854036,12.3463928997,22.3485339831,41.9239452748,28.344675127,20.9037316981
26,27,Oklahoma City,Oklahoma,35.4675602,-97.5164276,638367,13,19,30,3.89812454532,3.92021066474,3.82855130147,90.6923076923,69.7894736842,64.3,1.61538461538,1.63157894737,1.73333333333,2.03644611955,2.97634432858,4.69949104512,14.2069229287,10.9325002208,10.0725758067
29,28,Las Vegas,Nevada,36.1699412,-115.1398296,632912,20,30,50,4.00821147083,3.93489289032,4.02735065171,324.45,286.333333333,214.1,1.7,1.76666666667,1.71898617512,3.1599969664,4.7399954496,7.89999241601,51.2630507875,45.2406232357,33.8277675253
27,29,Louisville/Jefferson County,Kentucky,38.2526647,-85.7584557,616261,30,34,40,4.04852819474,4.05277218195,4.01974065122,130.166666667,123.529411765,114.325,1.68924731183,1.6669829222,1.69193548387,4.86806726371,5.51714289887,6.49075635161,21.1220029609,20.0449828506,18.5513929974
25,30,Baltimore,Maryland,39.2903848,-76.6121893,614664,25,32,64,3.93272434336,3.96388652191,3.82838646885,153.76,142.53125,151.875,1.8336,1.83375,1.883125,4.0672627647,5.20609633881,10.4121926776,25.015292908,23.1884818372,24.7086212955
30,31,Milwaukee,Wisconsin,43.0389025,-87.9064736,595047,31,43,62,4.19037380593,4.09005466683,3.95604465517,119.290322581,99.8837209302,81.2258064516,1.60573476703,1.66925064599,1.70609318996,5.20967251326,7.22631993775,10.4193450265,20.0472101499,16.7858540469,13.6503177819
31,32,Albuquerque,New Mexico,35.0853336,-106.6055534,559277,30,43,51,4.09639876794,4.04662172193,4.01422269249,106.866666667,97.9069767442,94.7450980392,1.38409090909,1.52378435518,1.55926916221,5.3640682524,7.68849782845,9.11891602909,19.1080031302,17.5059901881,16.9406390821
32,33,Tucson,Arizona,32.2217429,-110.926479,530706,24,31,35,4.16987257176,4.13143917123,4.0990216967,116.291666667,112.387096774,102.514285714,1.66666666667,1.70967741935,1.68571428571,4.52227787136,5.84127558384,6.59498856241,21.9126346163,21.1769033654,19.3165869077
33,34,Fresno,California,36.7468422,-119.7725868,522053,9,18,27,3.75805478761,3.87742219405,3.86817128916,135.555555556,105.666666667,83.6666666667,1.66666666667,1.66666666667,1.62962962963,1.72396289266,3.44792578531,5.17188867797,25.9658608524,20.2406013693,16.026469854
34,35,Sacramento,California,38.5815719,-121.4943996,495234,22,29,75,4.15017700838,4.10956557908,4.10165742565,225.318181818,199.413793103,182.84,1.52272727273,1.43103448276,1.57666666667,4.44234442708,5.85581765388,15.1443560014,45.4973167873,40.266579658,36.919920684
37,36,Mesa,Arizona,33.4151843,-111.8314724,484587,8,37,70,4.11668429082,4.06377219846,4.07448597484,192.75,224.324324324,216.185714286,1.75,1.80873180873,1.79209837781,1.6508903458,7.63536784932,14.4452905257,39.7761392691,46.2918576694,44.6123635768
36,37,Kansas City,Missouri,39.0997265,-94.5785667,481420,23,28,49,4.03671648509,4.07478848257,3.93612068977,94.9565217391,88.3214285714,86.5510204082,1.64130434783,1.63392857143,1.75,4.77753313115,5.8161272901,10.1782227577,19.7242577664,18.3460239648,17.9782768494
39,38,Atlanta,Georgia,33.7489954,-84.3879824,472522,22,44,67,3.93335749506,3.94022632646,4.02960860292,228.409090909,181.068181818,145.656716418,1.7131661442,1.6544599601,1.65367519768,4.65586787493,9.31173574987,14.1792339828,48.3382976685,38.3195241318,30.8253830336
35,39,Long Beach,California,33.7700504,-118.1937395,470130,15,36,137,4.04501090655,4.1507596918,4.18900935044,459.933333333,355.472222222,304.109489051,1.93333333333,1.63888888889,1.58792302588,3.19060685342,7.65745644822,29.1408759279,97.8310963634,75.6114738949,64.6862546638
40,40,Colorado Springs,Colorado,38.8338816,-104.8213634,465101,22,33,46,4.01603399996,3.91313307216,3.89702770683,125.954545455,111.060606061,97.5,1.61876832845,1.63147605083,1.59677419355,4.7301553856,7.09523307841,9.89032489717,27.0811168874,23.8788147221,20.9631886407
42,41,Raleigh,North Carolina,35.7795897,-78.6381787,458880,19,35,87,4.0544293501,4.10306955052,4.05701283929,119.421052632,87.6,87.6436781609,1.47368421053,1.45806451613,1.55545635501,4.14051603905,7.62726638773,18.9592050209,26.0244623064,19.089958159,19.0994765867
43,42,Miami,Florida,25.7616798,-80.1917902,453579,16,23,39,4.27612970035,4.31072224095,4.17285668268,140.9375,135.52173913,130.051282051,1.68382352941,1.64961636829,1.67405731523,3.52750017086,5.07078149562,8.59828166648,31.0723159582,29.8783098711,28.6722449786
38,43,Virginia Beach,Virginia,36.8529263,-75.977985,452602,8,20,45,4.01752797081,4.00699563625,3.93466316996,80.0,88.45,73.7555555556,1.7,1.58,1.70222222222,1.76755736828,4.41889342071,9.9425101966,17.6755736828,19.5425561531,16.2958969593
41,44,Omaha,Nebraska,41.2523634,-95.9979883,446970,18,30,37,4.00105501939,3.97558256731,4.01418645862,104.555555556,75.0666666667,65.7297297297,1.72222222222,1.73333333333,1.7027027027,4.02711591382,6.71185985637,8.27796048952,23.3920745364,16.794564885,14.7056244781
44,45,Oakland,California,37.8043637,-122.2711137,420005,23,63,126,4.28229902948,4.21205679397,4.12682568145,386.869565217,353.142857143,302.428571429,1.5016722408,1.69108669109,1.74236874237,5.47612528422,14.9998214307,29.9996428614,92.1107046862,84.0806316932,72.0059455075
45,46,Minneapolis,Minnesota,44.977753,-93.2650108,413651,37,58,91,4.1406991845,4.072792179,3.93135509133,98.1351351351,76.9827586207,71.8791208791,1.25,1.38362068966,1.47527472527,8.94473843893,14.0214818772,21.999221566,23.7241382555,18.6105578424,17.3767550131
46,47,Tulsa,Oklahoma,36.1539816,-95.992775,403090,8,10,13,4.13924775521,4.1221837435,4.093987495,114.125,96.7,90.9230769231,1.875,1.9,2.0,1.98466843633,2.48083554541,3.22508620904,28.312535662,23.9896797241,22.5565201129
49,48,Arlington,Texas,32.735687,-97.1080656,392772,6,10,76,4.0529864648,4.0193624479,4.04504283191,84.3333333333,81.1,137.644736842,1.5,1.5,1.67105263158,1.52760380068,2.54600633446,19.3496481419,21.4713200873,20.6481113725,35.0444371906
50,49,New Orleans,Louisiana,29.9510658,-90.0715323,391495,25,27,27,4.18572875175,4.19675702557,4.19675702557,115.16,107.481481481,107.481481481,1.4347826087,1.41867954911,1.41867954911,6.38577759614,6.89663980383,6.89663980383,29.4154459188,27.4541134578,27.4541134578
48,50,Wichita,Kansas,37.688889,-97.336111,389902,9,17,19,4.05139479348,3.83866786386,3.85565019398,69.6666666667,64.6470588235,58.8947368421,1.77777777778,1.82352941176,1.84210526316,2.3082723351,4.3600699663,4.8730193741,17.867737705,16.5803352698,15.1050101928
47,51,Cleveland,Ohio,41.49932,-81.6943605,385809,21,32,50,3.96594816441,3.84839056113,3.84175045596,133.238095238,122.53125,110.96,1.75324675325,1.76988636364,1.79272727273,5.44310785907,8.29425959477,12.9597806168,34.5347296818,31.7595623741,28.7603451449
52,52,Tampa,Florida,27.950575,-82.4571776,377165,18,27,96,4.24652716553,4.26973795519,4.24484261843,235.833333333,187.925925926,125.333333333,1.70238095238,1.6164021164,1.6369047619,4.77244707224,7.15867060835,25.4530510519,62.5278945112,49.8259186101,33.2303722067
51,53,Bakersfield,California,35.3732921,-119.0187125,376380,6,11,11,3.83142066576,3.80046693233,3.80046693233,102.0,132.727272727,132.727272727,2.18333333333,2.1,2.1,1.59413358839,2.92257824539,2.92257824539,27.1002710027,35.2641672584,35.2641672584
54,54,Aurora,Colorado,39.7294319,-104.8319195,361710,12,66,158,4.17773982618,4.12708156479,4.10701325903,102.833333333,175.818181818,132.734177215,1.5,1.43939393939,1.53164556962,3.31757485278,18.2466616903,43.6814022283,28.4297733912,48.6074982218,36.6962973695
53,55,Honolulu,Hawaii,21.3069444,-157.8583333,351792,17,24,27,4.15491247954,4.00761439837,3.99329378434,215.411764706,164.666666667,197.814814815,1.87254901961,1.78472222222,1.80864197531,4.83240096421,6.82221312594,7.67498976668,61.2327070274,46.8079622807,56.2306177556
55,56,Anaheim,California,33.8352932,-117.9145036,351043,21,36,163,4.32092927598,4.3067437687,4.17271065357,269.761904762,238.25,269.582822086,1.38095238095,1.47222222222,1.55527049637,5.98217312409,10.255153927,46.4330580584,76.8458293605,67.8691784197,76.7948149047
56,57,Santa Ana,California,33.7455731,-117.8678338,334217,19,47,119,4.27905001274,4.24291044611,4.17582776993,242.210526316,216.510638298,277.899159664,1.52631578947,1.46808510638,1.59663865546,5.68492925255,14.06271973,35.6056095291,72.4710371752,64.7814558499,83.1493190543
59,58,Corpus Christi,Texas,27.8005828,-97.396381,325733,1,3,7,4.36180124224,4.05217846116,3.88454790437,8.0,68.6666666667,48.2857142857,1.0,1.66666666667,1.57142857143,0.30699990483,0.92099971449,2.14899933381,2.45599923864,21.0806601317,14.8237096904
58,59,Riverside,California,33.9533487,-117.3961564,324722,9,18,70,4.32138355857,4.22420966782,4.19653510411,172.666666667,196.888888889,166.385714286,1.25252525253,1.34848484848,1.41818181818,2.77160155456,5.54320310912,21.5569009799,53.1736890838,60.6330611689,51.239433819
60,60,Lexington-Fayette,Kentucky,38.0405837,-84.5037164,318449,18,19,28,3.98544375948,3.96961351894,4.00271064098,95.2222222222,91.8421052632,91.4285714286,1.55555555556,1.57894736842,1.60714285714,5.65239645909,5.96641848459,8.79261671414,29.9018750953,28.8404439214,28.710585189
57,61,St. Louis,Missouri,38.6270025,-90.1994042,311404,29,40,68,4.03602690195,4.05305819955,3.97949449744,163.965517241,148.725,115.102941176,1.70689655172,1.7125,1.76838235294,9.31266136594,12.8450501599,21.8365852719,52.6536323366,47.7595021259,36.9625763242
63,62,Stockton,California,37.9577016,-121.2907796,307072,6,7,19,3.7148741775,3.75560643786,3.73920750239,182.666666667,179.428571429,175.157894737,1.83333333333,1.85714285714,1.84210526316,1.95393914131,2.27959566486,6.18747394748,59.4865916354,58.4320847972,57.0413110726
61,63,Pittsburgh,Pennsylvania,40.4406248,-79.9958864,303625,34,47,61,4.04494476985,4.01466583121,4.01237148075,104.588235294,101.425531915,82.3442622951,1.90484429066,1.9098873592,1.83220829315,11.1980238781,15.4796212433,20.090572252,34.4465163587,33.4048684775,27.1203828061
65,64,St. Paul,Minnesota,44.9537029,-93.0899578,302398,12,54,95,3.92257090048,3.93687018974,3.97108750854,39.4166666667,73.8148148148,69.0631578947,1.5,1.41203703704,1.46578947368,3.96828021349,17.8572609607,31.4155516902,13.0346982013,24.4098224244,22.8384969129
64,65,Cincinnati,Ohio,39.1031182,-84.5120196,298800,30,52,64,4.1722488719,4.12665568092,4.12912184122,115.966666667,87.1923076923,78.375,1.6918699187,1.6299249531,1.60556402439,10.0401606426,17.4029451138,21.4190093708,38.8107987506,29.1808258676,26.2299196787
62,66,Anchorage,Alaska,61.2180556,-149.9002778,298192,14,18,19,4.12581873366,4.12132501886,4.14125528102,306.142857143,251.555555556,239.526315789,1.92105263158,1.93859649123,1.94182825485,4.69496163546,6.03637924559,6.37173364812,102.666354947,84.3602630371,80.3262045224
70,67,Henderson,Nevada,36.0395247,-114.9817213,292969,9,19,50,4.35673698186,4.15284500015,4.02735065171,49.4444444444,102.578947368,214.1,1.50793650794,1.63909774436,1.71898617512,3.07199737856,6.48532779919,17.0666521031,16.8770226353,35.0135841568,73.0794043056
67,68,Greensboro,North Carolina,36.0726354,-79.7919754,287027,10,11,17,3.92884521904,3.91767730145,3.87291891758,119.0,109.454545455,84.7647058824,1.7,1.72727272727,1.82352941176,3.4839927951,3.83239207461,5.92278775167,41.4595142617,38.1338847755,29.5319624573
69,69,Plano,Texas,33.0198431,-96.6988856,286057,6,24,78,3.84505369875,3.80308039096,3.99791125027,120.5,152.708333333,142.884615385,1.58333333333,1.72916666667,1.72008547009,2.09748406786,8.38993627144,27.2672928822,42.1244716962,53.3838826994,49.9497007186
68,70,Newark,New Jersey,40.735657,-74.1723667,281764,3,22,111,4.0,4.02933405354,4.08423275155,93.0,234.863636364,151.432432432,2.0,1.72727272727,1.6990990991,1.0647208302,7.80795275479,39.3946707173,33.0063457361,83.3547352975,53.7444217261
71,71,Lincoln,Nebraska,40.8257625,-96.6851982,280364,12,15,18,3.95201981046,3.92451620953,3.93709684128,46.6666666667,45.4666666667,43.3333333333,1.89583333333,1.91666666667,1.93055555556,4.2801500906,5.35018761325,6.42022513589,16.6450281301,16.217013121,15.4560975494
66,72,Toledo,Ohio,41.6639383,-83.555212,278508,3,8,11,4.01545562518,4.24046248214,4.2657908961,72.3333333333,36.375,36.0909090909,2.0,1.875,1.81818181818,1.07716833987,2.87244890632,3.94961724618,25.9717255279,13.0606661209,12.9586615433
76,73,Orlando,Florida,28.5383355,-81.3792365,277173,22,32,61,4.09662476973,4.05632055609,4.07085859979,101.136363636,105.78125,135.868852459,1.45454545455,1.58333333333,1.71584699454,7.9372810483,11.5451360703,22.0079156339,36.4885337448,38.1643414041,49.0195121671
74,74,Chula Vista,California,32.6400541,-117.0841955,267172,7,58,139,4.35014978593,4.28543953947,4.2290372351,71.4285714286,196.155172414,227.050359712,1.42857142857,1.4444646098,1.38970087088,2.62003503361,21.7088617071,52.0264099531,26.7350513634,73.4190605355,84.9828424057
84,75,Irvine,California,33.6839473,-117.7946942,266122,5,29,101,4.0101756441,4.18001073642,4.18656615734,182.0,220.034482759,294.386138614,1.6,1.62068965517,1.56435643564,1.87883752565,10.8972576487,37.9525180181,68.3896859335,82.6818086286,110.620744852
75,76,Fort Wayne,Indiana,41.079273,-85.1393513,264488,9,9,13,4.16937979919,4.16937979919,4.23264755329,49.3333333333,49.3333333333,39.0769230769,1.74603174603,1.74603174603,1.82417582418,3.40280088322,3.40280088322,4.91515683131,18.6523900265,18.6523900265,14.7745542622
73,77,Jersey City,New Jersey,40.7281575,-74.0776417,264152,10,45,113,4.22842782969,4.19437145857,4.12256491524,263.7,179.0,141.212389381,1.8,1.68,1.67787610619,3.78569914292,17.0356461431,42.778400315,99.8288863987,67.7640146582,53.4587621447
81,78,Durham,North Carolina,35.9940329,-78.898619,263016,18,25,91,4.12933164874,4.10026325428,4.05174501505,123.888888889,122.04,92.6923076923,1.80701754386,1.82105263158,1.5803139984,6.84369011771,9.50512516349,34.5986555951,47.1031758102,46.4002189981,35.2420794523
77,79,St. Petersburg,Florida,27.773056,-82.64,260999,17,27,89,4.20518081948,4.22438960201,4.23474426238,175.764705882,142.851851852,127.865168539,1.61764705882,1.57407407407,1.6294141252,6.51343491738,10.3448672217,34.0997475086,67.343057208,54.732719992,48.9906737341
79,80,Laredo,Texas,27.5305671,-99.4803241,257156,1,1,1,3.0,3.0,3.0,2.0,2.0,2.0,3.0,3.0,3.0,0.388869013362,0.388869013362,0.388869013362,0.777738026723,0.777738026723,0.777738026723
72,81,Buffalo,New York,42.8864468,-78.8783689,256902,17,26,43,3.95237338321,3.92007109164,3.96431731361,96.7058823529,84.0769230769,92.6511627907,1.82352941176,1.80769230769,1.86046511628,6.61730932418,10.1205907311,16.7379000553,37.6431021763,32.7272357074,36.0647884371
82,82,Madison,Wisconsin,43.0730517,-89.4012302,252551,26,40,53,3.79220891527,3.79035587643,3.79956087309,109.307692308,97.45,91.6603773585,1.84023668639,1.79230769231,1.74891146589,10.2949503269,15.8383851183,20.9858602817,43.2814331789,38.5862657443,36.2938089172
83,83,Lubbock,Texas,33.5778631,-101.8551665,252506,3,3,3,3.83701475155,3.83701475155,3.83701475155,103.666666667,103.666666667,103.666666667,2.0,2.0,2.0,1.18809058003,1.18809058003,1.18809058003,41.0551300431,41.0551300431,41.0551300431
78,84,Chandler,Arizona,33.3061605,-111.8412502,247477,8,25,68,3.95476811601,3.99213003317,4.07801035702,400.25,211.72,216.735294118,1.875,1.8,1.78598362422,3.23262363775,10.101948868,27.4773009209,161.732201376,85.5513845731,87.5779543625
94,85,Scottsdale,Arizona,33.4941704,-111.9260519,246645,16,44,84,4.18523404736,4.17095161723,4.05070649313,250.5625,217.454545455,199.333333333,1.93269230769,1.76015651016,1.80293912437,6.48705629549,17.8394048126,34.0570455513,101.58831519,88.1649923796,80.8179096813
86,86,Glendale,Arizona,33.5386523,-112.1859866,245895,4,21,74,3.84301697024,3.99609230063,4.06282271069,139.75,176.095238095,198.0,1.75,1.75056689342,1.80333630334,1.62671058785,8.54023058623,30.0941458753,56.8332011631,71.61399707,80.5221740987
89,87,Reno,Nevada,39.5296329,-119.8138027,245255,30,34,42,4.04770565465,4.06152329083,4.10053737389,122.933333333,128.647058824,121.452380952,1.66666666667,1.70588235294,1.7380952381,12.2321665206,13.8631220566,17.1250331288,50.124700142,52.454408197,49.5208582709
80,88,Norfolk,Virginia,36.8507689,-76.2858726,245115,17,24,52,3.82129670595,3.84608230406,3.9343864929,74.4117647059,78.5,75.4615384615,1.76470588235,1.75,1.72307692308,6.93552006201,9.79132244049,21.2145319544,30.3578992334,32.0257838158,30.7861772888
85,89,Winston-Salem,North Carolina,36.0998596,-80.244216,242203,10,15,25,3.96691253921,3.95807948443,3.93269888856,73.9,57.0,73.4,1.99090909091,1.92727272727,1.83636363636,4.12876801691,6.19315202537,10.3219200423,30.511595645,23.5339776964,30.3051572441
95,90,North Las Vegas,Nevada,36.1988592,-115.1175013,238702,10,27,50,4.14904519711,3.94588411042,4.02735065171,229.9,299.185185185,214.1,1.7,1.74074074074,1.71898617512,4.1893239269,11.3111746026,20.9466196345,96.3125570795,125.338365487,89.693425275
93,91,Irving,Texas,32.8140177,-96.9488945,238289,0,24,96,,4.07710823239,4.0402656379,,185.708333333,140.666666667,,1.66666666667,1.69270833333,0.0,10.0718035663,40.287214265,,77.9340772479,59.0319597911
90,92,Chesapeake,Virginia,36.7682088,-76.2874927,237940,3,22,50,3.54260881658,3.80946126684,3.9428758982,39.0,73.8636363636,75.26,2.0,1.81818181818,1.712,1.26082205598,9.24602841052,21.013700933,16.3906867277,31.0429672874,31.6298226444
91,93,Gilbert,Arizona,33.3528264,-111.789027,237133,12,25,70,3.93356168367,3.98650611409,4.07448597484,302.75,197.84,216.185714286,1.91666666667,1.8,1.79209837781,5.06045130792,10.5426068915,29.5192992962,127.670969456,83.4299738965,91.1664400508
88,94,Hialeah,Florida,25.8575963,-80.2781057,236387,2,24,49,4.41873575627,4.2690706473,4.20800393447,29.5,135.708333333,137.918367347,1.5,1.66421568627,1.6793517407,0.846070215367,10.1528425844,20.7287202765,12.4795356767,57.4093894052,58.3443113822
87,95,Garland,Texas,32.912624,-96.6388833,234943,6,20,76,4.08853443595,3.84578009453,3.99639698829,107.666666667,117.95,144.776315789,1.83333333333,1.725,1.72587719298,2.55381092435,8.51270308117,32.3482717085,45.8267182536,50.2036664212,61.6218894751
96,96,Fremont,California,37.5482697,-121.9885719,233136,5,8,93,3.84958915357,3.87221824389,4.06213264088,406.6,433.5,277.569892473,1.8,1.75,1.68320926385,2.14467092169,3.43147347471,39.8908791435,174.404639352,185.942968911,119.059215425
92,97,Baton Rouge,Louisiana,30.4582829,-91.1403196,227715,3,8,8,4.0396039604,3.93031257749,3.93031257749,48.0,38.5,38.5,1.66666666667,1.57142857143,1.57142857143,1.31743626902,3.51316338405,3.51316338405,21.0789803043,16.9070987858,16.9070987858
98,98,Richmond,Virginia,37.5407246,-77.4360481,223170,28,33,47,3.96214056774,3.95460799225,3.97672087273,65.1071428571,74.0,73.914893617,1.71313364055,1.71847507331,1.78105696637,12.5464892235,14.7869337277,21.0601783394,29.1737880796,33.158578662,33.1204434364
97,99,Boise City,Idaho,43.6187102,-116.2146068,223154,23,34,38,4.00117303278,3.92042754851,3.96063520528,73.0434782609,67.6470588235,61.8947368421,1.64347826087,1.69411764706,1.67368421053,10.3067836561,15.2361149699,17.028599084,32.7323186055,30.3140695769,27.7363331341
99,100,San Bernardino,California,34.1083449,-117.2897652,216239,8,17,60,4.08614742401,4.16516868583,4.15036160963,92.625,172.352941176,182.0,1.375,1.47058823529,1.48787878788,3.69961015358,7.86167157636,27.7470761519,42.8345488094,79.704836397,84.1661309939
101,101,Spokane,Washington,47.6587802,-117.4260466,215973,22,29,38,4.01929015758,4.08628852075,4.18034861043,86.8636363636,68.4482758621,54.8684210526,1.68181818182,1.6074270557,1.56882591093,10.1864584925,13.4276043765,17.5947919416,40.2196739239,31.6929782251,25.4052224364
103,102,Des Moines,Iowa,41.6005448,-93.6091064,215472,12,24,31,4.17268870376,4.00837202039,4.04168957625,63.6666666667,53.4583333333,45.5806451613,1.78333333333,1.68333333333,1.69032258065,5.56916907997,11.1383381599,14.3870201233,29.5475359521,24.8098747556,21.1538599731
104,103,Modesto,California,37.6390972,-120.9968782,212175,4,6,12,3.42156525905,3.47202500556,3.86321581647,321.5,236.666666667,224.583333333,2.0,2.0,1.83333333333,1.88523624367,2.8278543655,5.655708731,151.525863085,111.543144417,105.848159931
100,104,Birmingham,Alabama,33.5206608,-86.80249,212157,19,22,25,4.14390156538,4.14658397173,4.17706420966,89.0,85.9090909091,84.4,1.63157894737,1.68181818182,1.72,8.9556319141,10.3696790584,11.7837262028,41.9500652818,40.493168224,39.7818596605
106,105,Tacoma,Washington,47.2528768,-122.4442906,211277,20,36,100,4.11669335102,3.95626228218,4.0720369423,95.2,91.0833333333,89.49,1.52380952381,1.54100529101,1.58476190476,9.46624573427,17.0392423217,47.3312286714,45.0593296951,43.1108607815,42.356716538
108,106,Fontana,California,34.0922335,-117.435048,209665,0,14,64,,4.19418382582,4.16838612037,,185.785714286,160.625,,1.5,1.44176136364,0.0,6.67731857964,30.5248849355,,88.610742988,76.6103069182
102,107,Rochester,New York,43.16103,-77.6109219,208880,20,34,47,3.9931103183,3.96404217493,4.03753695444,53.1,50.4411764706,40.7872340426,1.615,1.66029411765,1.59787234043,9.57487552662,16.2772883953,22.5009574876,25.4212945232,24.1483993061,19.5266344516
107,108,Oxnard,California,34.1975048,-119.1770516,207906,6,20,43,3.8624722751,4.09289400478,4.13378679258,140.333333333,140.55,161.23255814,1.66666666667,1.62692307692,1.68228980322,2.88591959828,9.61973199427,20.6824237877,67.4984528264,67.6026665897,77.5506999026
111,109,Moreno Valley,California,33.9424658,-117.2296717,205499,1,14,51,3.0,4.07283379974,4.2211729515,419.0,195.071428571,163.745098039,2.0,1.57142857143,1.41711229947,0.486620372849,6.81268521988,24.8176390153,203.893936224,94.9257313035,79.68170066
105,110,Fayetteville,North Carolina,35.0526641,-78.8783585,204759,6,8,8,3.77625843362,3.74950348077,3.74950348077,114.833333333,97.25,97.25,1.76666666667,1.7,1.7,2.93027412714,3.90703216953,3.90703216953,56.0821909334,47.4948598108,47.4948598108
113,111,Aurora,Illinois,41.7605849,-88.3200715,201110,5,20,67,3.62938825764,3.82031921152,3.97504195952,182.4,148.7,141.074626866,2.2,2.0,1.86567164179,2.48620158122,9.9448063249,33.3151011884,90.6966336831,73.9396350256,70.1479920768
120,112,Glendale,California,34.1425078,-118.255075,200831,15,44,124,4.26694814186,4.2327704831,4.16364945976,513.4,369.136363636,282.580645161,1.6,1.60247933884,1.58988269795,7.46896644442,21.908968237,61.7434559406,255.637824838,183.804474228,140.705690437
114,113,Yonkers,New York,40.9312099,-73.8987469,200807,6,24,121,4.16170038252,3.98610846908,4.13346379022,151.5,141.458333333,143.636363636,1.5,1.79166666667,1.72396694215,2.98794364738,11.9517745895,60.2568635556,75.4455770964,70.4449214088,71.5295600434
116,114,Huntington Beach,California,33.660297,-117.9992265,200652,8,22,109,4.06707331073,4.10578931708,4.17360801553,153.375,317.5,276.165137615,1.375,1.54545454545,1.57464553795,3.98700237227,10.9642565237,54.3229073221,76.4383111058,158.234156649,137.633882351
110,115,Montgomery,Alabama,32.3668052,-86.2999689,200022,2,7,7,3.7286248078,3.51011175931,3.51011175931,41.0,41.5714285714,41.5714285714,2.0,2.0,2.0,0.999890012099,3.49961504235,3.49961504235,20.497745248,20.7834281086,20.7834281086
119,116,Amarillo,Texas,35.2219971,-101.8312969,199582,1,3,4,3.58654841094,3.74826973572,3.93620230179,1113.0,390.333333333,299.75,2.0,1.5,1.625,0.501047188624,1.50314156587,2.0041887545,557.665520939,195.575419293,150.18889479
117,117,Little Rock,Arkansas,34.7464809,-92.2895948,198541,13,15,15,3.93974258866,3.8681853062,3.8681853062,49.0,50.2666666667,50.2666666667,1.61538461538,1.66666666667,1.66666666667,6.54776595262,7.55511456072,7.55511456072,24.6800408984,25.3180283501,25.3180283501
115,118,Akron,Ohio,41.0814447,-81.5190053,197633,11,17,29,3.88737019105,3.97969395443,3.88603987115,37.6363636364,32.1176470588,46.0,1.63636363636,1.76470588235,1.79310344828,5.56587209626,8.60180233058,14.6736627992,19.0435623789,16.2511559602,23.2754651298
109,119,Columbus,Georgia,32.4609764,-84.9877094,197485,5,6,7,3.45312864563,3.4513185449,3.67255875277,99.8,96.8333333333,83.4285714286,2.0,2.0,1.85714285714,2.5318378611,3.03820543332,3.54457300554,50.5354837076,49.03325991,42.2455231681
118,120,Augusta-Richmond County,Georgia,33.4734978,-82.0105148,197081,8,10,13,4.23603145361,4.22225120767,4.08957316642,69.875,66.6,63.5384615385,1.875,1.9,1.92307692308,4.05924467605,5.07405584506,6.59627259858,35.4549652173,33.7932119281,32.2397702155
122,121,Grand Rapids,Michigan,42.9633599,-85.6680863,196445,25,36,56,4.00073119599,3.97563123524,4.00849847015,156.8,120.805555556,86.25,1.78153846154,1.73717948718,1.7239010989,12.7262083535,18.325740029,28.5067067118,79.818778793,61.4958668103,43.9054188195
112,122,Shreveport,Louisiana,32.5251516,-93.7501789,194920,6,7,7,4.04925321592,3.98759519348,3.98759519348,12.1666666667,19.7142857143,19.7142857143,1.5,1.57142857143,1.57142857143,3.07818592243,3.5912169095,3.5912169095,6.24187700937,10.1140394594,10.1140394594
123,123,Salt Lake City,Utah,40.7607793,-111.8910474,193744,25,30,44,3.8547216474,3.85565625329,3.76646092981,153.6,163.666666667,196.181818182,1.83384615385,1.82820512821,1.86013986014,12.9036254026,15.4843504831,22.7103807086,79.2798744735,84.4757343023,101.258267705
125,124,Huntsville,Alabama,34.7303688,-86.5861037,193079,14,18,21,4.07172990826,4.04891881272,4.08121612519,47.5714285714,50.9444444444,46.3333333333,1.64285714286,1.66666666667,1.61904761905,7.25091801801,9.3226088803,10.876377027,24.6383234694,26.38528501,23.9970858215
121,125,Mobile,Alabama,30.6953657,-88.0398912,192904,2,5,6,3.95611905979,4.00432107918,4.08693423265,23.0,48.0,46.3333333333,2.0,2.0,1.83333333333,1.03678513665,2.59196284162,3.11035540994,11.9230290715,24.8828432796,24.0188556657
124,126,Tallahassee,Florida,30.4382559,-84.2807329,190894,11,11,11,4.0863702044,4.0863702044,4.0863702044,41.2727272727,41.2727272727,41.2727272727,1.45454545455,1.45454545455,1.45454545455,5.76236026276,5.76236026276,5.76236026276,21.6207566884,21.6207566884,21.6207566884
126,127,Grand Prairie,Texas,32.7459645,-96.9977846,190682,1,13,91,3.69901960784,4.10888421138,4.03570718669,196.0,82.8461538462,132.351648352,2.0,1.46153846154,1.68681318681,0.524433349766,6.81763354695,47.7234348287,102.788936554,43.4472859767,69.4096182921
131,128,Overland Park,Kansas,38.9822282,-94.6707917,188966,7,27,50,4.09073908492,3.90518989272,3.94739827598,58.0,103.666666667,85.18,1.85714285714,1.73148148148,1.735,3.70437009832,14.288284665,26.4597864166,30.6933522433,54.8599571704,45.0768921393
127,129,Knoxville,Tennessee,35.9606384,-83.9207392,186239,20,24,37,4.0739169015,3.99791506685,3.90175099554,51.05,44.4583333333,52.5675675676,1.50652173913,1.48731884058,1.62867215041,10.7388892767,12.886667132,19.8669451619,27.4110148787,23.8716559546,28.2258643826
141,130,Port St. Lucie,Florida,27.2730492,-80.3582261,185132,2,6,9,4.25,4.23176020199,4.21006235688,37.5,62.8333333333,52.0,1.5,1.83333333333,1.88888888889,1.08031026511,3.24093079532,4.86139619299,20.2558174708,33.9397474955,28.0880668928
128,131,Worcester,Massachusetts,42.2625932,-71.8022934,184508,9,11,44,3.86665639022,3.98294684813,4.09676620247,110.888888889,94.3636363636,65.8636363636,1.88888888889,1.81818181818,1.79545454545,4.87783727535,5.96180111431,23.8472044573,60.0997728494,51.1433847658,35.6969000605
130,132,Brownsville,Texas,25.9017472,-97.4974838,183823,1,1,2,3.5,3.5,3.5,17.0,17.0,139.0,2.0,2.0,2.0,0.544001566725,0.544001566725,1.08800313345,9.24802663432,9.24802663432,75.6162177747
142,133,Tempe,Arizona,33.4255104,-111.9400054,182498,15,42,80,4.21551358292,4.1427050235,4.05454188736,174.666666667,213.166666667,202.9125,1.66153846154,1.7725449154,1.79308608059,8.21926815636,23.0139508378,43.8360968339,95.7088114208,116.804933022,111.186149985
132,134,Santa Clarita,California,34.3916641,-118.542586,181972,7,9,48,3.88575559715,3.93320786004,4.06890152431,245.142857143,211.444444444,255.645833333,2.0,1.77777777778,1.63409090909,3.84674565318,4.9458158398,26.3776844789,134.714602875,116.196142508,140.486356875
129,135,Newport News,Virginia,37.0870821,-76.4730122,181825,4,7,43,3.96530201161,3.88703879715,3.97102256695,39.0,75.5714285714,82.5581395349,1.75,1.85714285714,1.78604651163,2.19991750309,3.84985563041,23.6491131583,21.4491956552,41.562727112,45.4052740464
145,136,Cape Coral,Florida,26.5628537,-81.9495331,179804,7,15,24,4.19141544884,4.18404219629,4.09856761641,45.0,54.0,53.0416666667,1.63492063492,1.6962962963,1.63888888889,3.89312807279,8.34241729884,13.3478676781,25.0272518965,30.0327022758,29.4997145039
133,137,Providence,Rhode Island,41.8239891,-71.4128343,179219,17,18,41,4.00446744794,3.98743657843,4.07248229332,155.235294118,155.111111111,109.0,1.75,1.76388888889,1.7256097561,9.48560141503,10.0435779689,22.8770387068,86.6176544438,86.5483632378,60.8194443669
138,138,Fort Lauderdale,Florida,26.1224386,-80.1373174,178752,14,22,51,4.32796722666,4.27430223986,4.15733006302,137.357142857,117.272727273,141.980392157,1.69285714286,1.57727272727,1.67923875433,7.8320802005,12.3075546008,28.5311493018,76.8422970692,65.6063860951,79.4287013051
135,139,Chattanooga,Tennessee,35.0456297,-85.3096801,177571,10,12,12,4.21220852745,4.19092142511,4.19092142511,130.6,115.833333333,115.833333333,1.4,1.41666666667,1.41666666667,5.63155019682,6.75786023619,6.75786023619,73.5480455705,65.2321231132,65.2321231132
140,140,Rancho Cucamonga,California,34.1063989,-117.5931084,176534,11,22,88,4.23485811103,4.22687481822,4.19526296925,132.181818182,131.772727273,179.159090909,1.36363636364,1.31818181818,1.44628099174,6.23109429345,12.4621885869,49.8487543476,74.8761248155,74.6443899038,101.48701718
136,141,Oceanside,California,33.1958696,-117.3794834,175464,13,40,97,4.29155965751,4.31440474392,4.29178165032,403.692307692,237.975,303.907216495,1.53846153846,1.3,1.35051546392,7.40892718734,22.796699038,55.2819951671,230.07130106,135.626111339,173.202033748
139,142,Santa Rosa,California,38.440429,-122.7140548,175155,13,24,51,4.21579751357,4.23134595059,4.10529346246,285.538461538,201.958333333,218.568627451,1.66666666667,1.73611111111,1.85620915033,7.42199765922,13.7021495247,29.11706774,163.020445627,115.302636712,124.785833948
134,143,Garden Grove,California,33.7739053,-117.9414477,174858,14,47,134,4.35471351786,4.24525519955,4.17672175099,195.714285714,262.14893617,266.559701493,1.57142857143,1.46808510638,1.5420624152,8.00649670018,26.8789532077,76.6336112731,111.927555911,149.921042314,152.443526457
144,144,Vancouver,Washington,45.6387281,-122.6614861,174826,15,66,137,4.15514004813,4.17291981084,4.1266157968,86.2666666667,188.196969697,138.182481752,1.66666666667,1.65013774105,1.60371599204,8.57995950259,37.7518218114,78.3636301237,49.3443004282,107.648158567,79.0400064932
146,145,Sioux Falls,South Dakota,43.5445959,-96.7311034,174360,10,10,10,4.36074887944,4.36074887944,4.36074887944,47.4,47.4,47.4,1.8875,1.8875,1.8875,5.73526038082,5.73526038082,5.73526038082,27.1851342051,27.1851342051,27.1851342051
143,146,Ontario,California,34.0633443,-117.6508876,173212,15,24,109,4.30577050699,4.21342289548,4.20830817216,113.933333333,124.25,201.183486239,1.26666666667,1.33333333333,1.4612176814,8.65990808951,13.8558529432,62.9286654504,65.7768129999,71.7329053414,116.148699997
166,147,McKinney,Texas,33.1972465,-96.6397822,172298,8,9,47,3.68719428183,3.68683045092,4.00772007541,113.125,103.222222222,123.276595745,1.70833333333,1.62962962963,1.74822695035,4.64311831826,5.22350810805,27.2783201198,65.6565949692,59.9091238565,71.5484774894
150,148,Elk Grove,California,38.4087993,-121.3716178,169743,6,11,68,3.97496099505,4.04447032323,4.09037334148,225.333333333,145.090909091,192.323529412,1.5,1.27272727273,1.5625,3.53475548329,6.4803850527,40.0605621439,132.749705928,85.4768144141,113.302775026
137,149,Jackson,Mississippi,32.2987573,-90.1848103,169148,3,5,5,4.10721059152,4.00305548293,4.00305548293,24.6666666667,42.2,42.2,1.66666666667,1.8,1.8,1.77359472178,2.95599120297,2.95599120297,14.5828899347,24.9485657531,24.9485657531
149,150,Pembroke Pines,Florida,26.007765,-80.2962555,168587,2,6,58,3.75,4.0505499154,4.19680551595,237.5,113.333333333,141.431034483,1.5,1.5,1.67738336714,1.18633109314,3.55899327943,34.4036017012,140.876817311,67.2254286115,83.8920168713
151,151,Salem,Oregon,44.9428975,-123.0350963,167419,12,12,24,3.77411434027,3.77411434027,3.81373461169,83.1666666667,83.1666666667,82.9166666667,1.725,1.725,1.7375,7.16764524934,7.16764524934,14.3352904987,49.6757636031,49.6757636031,49.5264376604
147,152,Springfield,Missouri,37.2089572,-93.2922989,167319,7,8,11,3.93925987441,3.91795555276,3.94033131109,53.7142857143,51.0,38.5454545455,1.51020408163,1.57142857143,1.50649350649,4.18362529061,4.78128604641,6.57426831382,32.1029205974,30.4806985459,23.0371054964
153,153,Corona,California,33.8752935,-117.5664384,166785,8,15,110,4.30696448415,4.32587409142,4.23395307279,243.75,201.8,198.645454545,1.375,1.35151515152,1.45702479339,4.79659441796,8.99361453368,65.953173247,146.146236172,120.994094193,119.102709803
154,154,Eugene,Oregon,44.0520691,-123.0867536,166575,33,36,39,3.98520397548,3.99512734715,3.99900158626,104.787878788,97.1666666667,90.5384615385,1.67532467532,1.69246031746,1.66483516484,19.8108959928,21.6118865376,23.4128770824,62.9073263022,58.3320826455,54.3529710572
159,155,Fort Collins,Colorado,40.5852602,-105.084423,164207,25,29,53,4.29483035507,4.29507855928,4.25703421655,84.96,78.3793103448,58.4528301887,1.43272727273,1.47648902821,1.47665332571,15.2246859147,17.6606356611,32.2763341392,51.7395726126,47.7320152885,35.597039218
148,156,Peoria,Arizona,33.5805955,-112.2373779,164173,7,14,66,3.79402743484,3.88246657031,4.06675326639,136.571428571,146.857142857,195.818181818,1.85714285714,1.78571428571,1.79464979465,4.26379489928,8.52758979857,40.2014947647,83.1875086472,89.4526766625,119.27550926
185,157,Frisco,Texas,33.1506744,-96.8236116,163656,2,14,71,3.72659289215,3.91882371759,4.0122528142,325.0,155.071428571,133.084507042,2.0,1.92857142857,1.76291079812,1.22207557315,8.55452901207,43.3836828469,198.587280637,94.7545024756,81.3196626108
162,158,Cary,North Carolina,35.79154,-78.7811169,162320,7,46,95,4.22859066732,4.04745958603,4.03672682763,47.7142857143,92.4130434783,90.4736842105,1.14285714286,1.47826086957,1.57183897775,4.31246919665,28.3390832923,58.5263676688,29.3951981976,56.9326290526,55.7378537522
152,159,Lancaster,California,34.6867846,-118.1541632,160106,4,7,7,4.19871033169,4.11252814201,4.11252814201,132.0,143.714285714,143.714285714,1.25,1.28571428571,1.28571428571,2.49834484654,4.37210348144,4.37210348144,82.4453799358,89.7619612721,89.7619612721
160,160,Hayward,California,37.6688205,-122.0807964,158937,3,12,143,3.80639432644,4.06397679613,4.11511636707,813.0,336.333333333,303.776223776,1.66666666667,1.66666666667,1.71705217859,1.88754034617,7.5501613847,89.972756501,511.523433813,211.614245477,191.129959529
155,161,Palmdale,California,34.5794343,-118.1164613,157356,4,7,11,4.0519748978,4.11252814201,4.09221753161,129.75,143.714285714,152.636363636,1.25,1.28571428571,1.54545454545,2.54200666006,4.4485116551,6.99051831516,82.4563410356,91.3306678578,97.0006632326
156,162,Salinas,California,36.6777372,-121.6555013,157218,5,6,23,3.70134730472,3.6677894206,3.97602007493,141.8,143.833333333,220.826086957,2.0,2.0,1.82608695652,3.18029742141,3.8163569057,14.6293681385,90.1932348713,91.4865558227,140.458526986
164,163,Alexandria,Virginia,38.8048355,-77.0469214,155810,8,38,78,3.46491935701,3.74702277652,3.85346263281,267.75,250.157894737,198.064102564,1.875,1.88995215311,1.86946386946,5.13445863552,24.3886785187,50.0609716963,171.843912457,160.553170359,127.118992725
172,164,Lakewood,Colorado,39.7047095,-105.0813734,154393,20,92,179,4.04175616603,4.149980161,4.10243099509,94.65,159.065217391,139.43575419,1.4,1.47826086957,1.55358049771,12.9539551664,59.5881937653,115.937898739,61.3045928248,103.026184731,90.3122254182
157,165,Springfield,Massachusetts,42.1014831,-72.589811,154074,3,8,45,3.83333333333,4.125,3.9384174915,170.333333333,83.375,84.9777777778,2.0,1.875,1.76296296296,1.94711632073,5.19231018861,29.2067448109,110.552937766,54.1136077469,55.1538726701
158,166,Pasadena,Texas,29.6910625,-95.2091006,153351,0,9,58,,4.11492689239,4.08384421742,,54.1111111111,140.844827586,,1.62698412698,1.66194581281,0.0,5.86888901931,37.8217292355,,35.2857895358,91.8447402275
169,167,Sunnyvale,California,37.36883,-122.0363496,152771,9,27,61,3.76290847544,3.8650598544,3.93916096249,434.333333333,351.185185185,294.37704918,1.77777777778,1.77777777778,1.73770491803,5.89117044465,17.673511334,39.9290441249,284.303521829,229.87686484,192.691707968
342,168,Macon,Georgia,32.8406946,-83.6324022,152555,5,6,10,4.26262842961,4.23806112895,4.28663264563,44.6,46.1666666667,53.8,2.0,2.0,2.0,3.27750647308,3.93300776769,6.55501294615,29.2353577398,30.2623097681,35.2659696503
161,169,Pomona,California,34.055103,-117.7499909,152494,9,28,119,4.24533058929,4.20561612905,4.19710868728,118.555555556,146.357142857,228.655462185,1.22222222222,1.39285714286,1.49472880061,5.90187154904,18.3613781526,78.0358571485,77.7444067016,95.9756730476,149.943907423
173,170,Hollywood,Florida,26.0112014,-80.1494901,151998,2,16,60,3.52992077423,4.16809895954,4.16888217478,91.5,100.9375,150.333333333,2.0,1.54375,1.69401960784,1.31580678693,10.5264542955,39.4742036079,60.1981605021,66.4071237779,98.904810151
167,171,Kansas City,Kansas,39.114053,-94.6274636,151709,22,29,50,4.03934269217,4.01715675016,3.94619512016,98.7727272727,91.5517241379,85.0,1.63636363636,1.68103448276,1.735,14.5014468489,19.1155435736,32.9578337475,65.1067024848,60.3469300687,56.0283173708
165,172,Escondido,California,33.1192068,-117.086421,151613,7,30,139,4.19265759698,4.29289190403,4.28119714098,658.571428571,305.2,267.287769784,1.42857142857,1.23333333333,1.35032184778,4.61701832956,19.7872214124,91.6807925442,434.376622434,201.301999169,176.296076052
180,173,Clarksville,Tennessee,36.5297706,-87.3594528,150287,2,3,5,4.0257985258,3.89039323871,3.84137880037,153.5,128.666666667,79.0,2.0,2.0,1.8,1.33078709403,1.99618064104,3.32696773507,102.137909467,85.6139697157,52.5660902141
168,174,Joliet,Illinois,41.525031,-88.0817251,148262,2,9,60,3.9337797619,3.99953032286,3.96640475952,73.5,71.4444444444,130.483333333,2.0,1.88888888889,1.85,1.34896332169,6.07033494759,40.4688996506,49.574402072,48.1879675469,88.0086153791
163,175,Rockford,Illinois,42.2711311,-89.0939952,147651,3,5,8,4.10964161846,4.09978688129,3.81236680081,83.0,107.0,70.75,1.66666666667,1.8,1.625,2.03181827417,3.38636379029,5.41818206446,56.2136389188,72.4681851122,47.9170476326
170,176,Torrance,California,33.8358492,-118.3406288,147195,19,41,118,4.28678642085,4.203636553,4.15839431433,209.368421053,266.414634146,344.508474576,1.34928229665,1.60088691796,1.61140215716,12.9080471483,27.8542070043,80.1657665002,142.238813175,180.994350451,234.049033307
175,177,Naperville,Illinois,41.7508391,-88.1535352,147122,8,29,94,3.87382689228,3.91648618537,3.9674517585,193.5,152.137931034,148.776595745,1.875,1.75862068966,1.89361702128,5.43766397955,19.7115319259,63.8925517598,131.523497505,103.409368439,101.12464196
174,178,Paterson,New Jersey,40.9167654,-74.171811,147000,8,20,108,3.9095113756,4.0559395785,4.09731074384,173.75,133.7,145.490740741,2.0,1.8,1.72777777778,5.44217687075,13.6054421769,73.4693877551,118.197278912,90.9523809524,98.9732930209
179,179,Savannah,Georgia,32.0835407,-81.0998342,146763,11,15,23,3.96172224169,3.91779554945,3.9983697378,193.545454545,162.0,131.913043478,1.70247933884,1.78181818182,1.90118577075,7.49507709709,10.2205596778,15.6715248394,131.876191237,110.382044521,89.8816755437
171,180,Bridgeport,Connecticut,41.1865478,-73.1951767,145936,6,10,55,3.87350587987,3.83130338193,3.98839928063,111.833333333,107.5,112.309090909,2.0,2.0,1.81818181818,4.11139129481,6.85231882469,37.6877535358,76.6317655228,73.6624273654,76.957769782
177,181,Mesquite,Texas,32.7667955,-96.5991593,143736,1,6,54,3.0,3.94954060123,4.03053889838,96.0,123.333333333,152.796296296,2.0,1.83333333333,1.65740740741,0.695719930985,4.17431958591,37.5688762732,66.7891133745,85.8054581548,106.303428714
184,182,Killeen,Texas,31.1171194,-97.7277959,143400,3,3,10,3.82762224287,3.82762224287,3.99502127816,24.3333333333,24.3333333333,44.7,1.66666666667,1.66666666667,1.5,2.09205020921,2.09205020921,6.97350069735,16.9688516969,16.9688516969,31.1715481172
176,183,Syracuse,New York,43.0481221,-76.1474244,143378,11,15,25,3.90553179554,4.06291924046,4.12387633677,67.3636363636,51.2,42.44,1.56363636364,1.68,1.668,7.67202778669,10.4618560728,17.4364267879,46.9832445449,35.7098020617,29.6000781152
187,184,McAllen,Texas,26.2034071,-98.2300124,142212,3,3,3,4.02615887546,4.02615887546,4.02615887546,67.0,67.0,67.0,2.0,2.0,2.0,2.10952662223,2.10952662223,2.10952662223,47.1127612297,47.1127612297,47.1127612297
182,185,Pasadena,California,34.1477849,-118.1445155,142059,11,45,127,4.13123884247,4.19162542533,4.17048978835,367.181818182,339.666666667,291.763779528,1.69090909091,1.53858585859,1.58382247674,7.74326160257,31.6769792833,89.3994748661,258.471352172,239.102532516,205.382115549
189,186,Bellevue,Washington,47.610377,-122.2006786,141400,7,77,171,4.18459932529,4.24103855834,4.15594557591,116.714285714,138.662337662,108.877192982,1.71428571429,1.4025974026,1.51754385965,4.9504950495,54.4554455446,120.933521924,82.5419276622,98.0638880215,76.9994292662
183,187,Fullerton,California,33.8703596,-117.9242966,140721,16,33,177,4.33378329379,4.31665551528,4.17616951249,296.5,253.0,267.790960452,1.4375,1.48484848485,1.54524910118,11.370015847,23.4506576844,125.780800307,210.700606164,179.78837558,190.299216501
181,188,Orange,California,33.7877944,-117.8531119,140504,24,39,132,4.31875171495,4.28746234741,4.18426131074,190.208333333,248.076923077,260.007575758,1.41666666667,1.48717948718,1.55303030303,17.0813642316,27.7572168764,93.9475032739,135.375742565,176.562178356,185.053504354
178,189,Dayton,Ohio,39.7589478,-84.1916069,140489,10,21,36,4.07051886767,3.91459797887,3.99938344148,54.5,56.619047619,48.9166666667,1.3,1.52380952381,1.66666666667,7.11799500317,14.9477895067,25.6247820114,38.7930727673,40.3014098036,34.8188588905
195,190,Miramar,Florida,25.9860762,-80.3035602,138449,1,4,59,3.0,4.125,4.18250077122,397.0,153.25,143.542372881,2.0,1.5,1.68285144566,0.72228762938,2.88915051752,42.6149701334,286.748188864,110.690579202,103.678880224
204,191,Thornton,Colorado,39.8680412,-104.9719243,136703,6,64,194,4.1755357654,4.16980072216,4.12909320071,51.3333333333,159.578125,130.407216495,1.5,1.5,1.52624179944,4.38907705025,46.8168218693,141.913491291,37.550992541,116.733447693,95.3945535174
190,192,West Valley City,Utah,40.6916132,-112.0010501,136574,1,30,35,3.96443602694,3.85565625329,3.7972320765,95.0,163.666666667,163.714285714,2.0,1.82820512821,1.82417582418,0.732203786958,21.9661136087,25.6271325435,69.559359761,119.837353132,119.872219979
192,193,Olathe,Kansas,38.8813958,-94.8191285,135473,2,8,46,3.19545454545,3.79938395116,4.00816825041,60.0,62.5,88.1086956522,1.5,1.75,1.6902173913,1.47630893241,5.90523572963,33.9551054454,44.2892679722,46.1346541377,65.037827207
186,194,Hampton,Virginia,37.0298687,-76.3452218,135410,4,8,51,4.10400858898,3.97911746016,3.94547407911,104.25,70.0,77.9019607843,1.75,1.75,1.73725490196,2.95399158112,5.90798316225,37.6633926593,76.988405583,51.6948526697,57.5304340775
188,195,Warren,Michigan,42.5144566,-83.0146526,135125,5,31,73,3.84230769231,3.81370611717,3.84884833057,144.4,167.838709677,144.98630137,2.0,1.83870967742,1.82191780822,3.70027752081,22.941720629,54.0240518039,106.864014801,124.209960908,107.297910357
214,196,Midland,Texas,31.9973456,-102.0779146,134610,1,2,3,3.52083333333,3.86393229167,3.74262152778,11.0,25.0,21.6666666667,2.0,2.0,2.0,0.742886858331,1.48577371666,2.22866057499,8.17175544165,18.5721714583,16.0958819305
196,197,Waco,Texas,31.549333,-97.1466695,134432,3,3,3,3.55083266985,3.55083266985,3.55083266985,51.0,51.0,51.0,1.66666666667,1.66666666667,1.66666666667,2.23161152107,2.23161152107,2.23161152107,37.9373958581,37.9373958581,37.9373958581
199,198,Charleston,South Carolina,32.7764749,-79.9310512,134385,20,38,47,4.42027746683,4.3050948096,4.2520241533,162.05,122.368421053,111.446808511,1.50526315789,1.58171745152,1.59190529515,14.8826133869,28.2769654351,34.9741414592,120.586374967,91.0580950647,82.9309882134
191,199,Columbia,South Carolina,34.0007104,-81.0348144,134309,11,14,19,4.02410116312,3.93227898558,3.8926247019,80.0,75.7857142857,69.2105263158,1.6993006993,1.69230769231,1.77327935223,8.19006916886,10.4237243967,14.1464831098,59.5641394099,56.4263856374,51.5308179763
216,200,Denton,Texas,33.2148412,-97.1330683,133808,8,8,35,4.26575347462,4.26575347462,4.12738098692,78.0,78.0,105.8,1.75,1.75,1.82857142857,5.97871577185,5.97871577185,26.1568815019,58.2924787756,58.2924787756,79.0685160827
206,201,Carrollton,Texas,32.9756415,-96.8899636,133351,3,21,96,4.34646803201,4.04086091801,4.01004562811,163.666666667,142.80952381,133.114583333,1.66666666667,1.88095238095,1.71006944444,2.2497019145,15.7479134015,71.9904612639,122.73373778,107.092953041,99.8227109908
215,202,Surprise,Arizona,33.6292337,-112.3679279,132677,1,12,38,3.5,3.84577772919,4.00876170695,270.0,140.25,199.789473684,2.0,1.83333333333,1.77694235589,0.753710138155,9.04452165786,28.6409852499,203.501737302,105.707846876,150.583351812
205,203,Roseville,California,38.7521235,-121.2880059,132671,10,21,81,4.19394063702,4.0890255002,4.09043894645,184.4,171.142857143,162.135802469,2.0,1.85714285714,1.65740740741,7.53744224435,15.8286287131,61.0532821792,138.990434986,128.997940125,122.208924685
193,204,Sterling Heights,Michigan,42.5803122,-83.0302033,132427,4,32,69,3.57622798888,3.73808608306,3.85386506785,127.75,177.75,151.971014493,2.25,1.90625,1.84057971014,3.02053206672,24.1642565338,52.104178151,96.468242881,134.224893715,114.758330622
227,205,Murfreesboro,Tennessee,35.8456213,-86.39027,131947,3,3,5,3.75227827745,3.75227827745,3.98487760477,94.3333333333,94.3333333333,98.4,1.66666666667,1.66666666667,1.6,2.27364017371,2.27364017371,3.78940028951,71.4933521288,71.4933521288,74.5753976976
203,206,Gainesville,Florida,29.6516344,-82.3248262,131591,9,13,14,3.95608932426,3.9346841057,3.93934952672,48.3333333333,49.4615384615,52.0714285714,1.75757575758,1.83216783217,1.84415584416,6.83937351339,9.87909507489,10.6390254653,36.7299688682,37.5873262317,39.5706610417
198,207,Cedar Rapids,Iowa,41.9778795,-91.6656232,131127,12,13,27,3.75567684448,3.81293247183,3.88183883471,50.8333333333,47.7692307692,65.3703703704,2.0,1.92307692308,1.85185185185,9.15143334325,9.91405278852,20.5907250223,38.7664884679,36.4297442702,49.852715589
200,208,Visalia,California,36.3302284,-119.2920585,131074,4,6,12,3.35608664935,3.8207244329,3.78503830908,122.0,83.6666666667,88.9166666667,1.75,1.5,1.58333333333,3.05171124708,4.57756687062,9.15513374125,93.077193036,63.8316269181,67.8369979299
207,209,Coral Springs,Florida,26.271192,-80.2706044,130059,3,11,41,3.39736205257,3.9312481859,4.14415291875,354.0,192.818181818,149.56097561,2.0,1.72727272727,1.62682926829,2.30664544553,8.45769996694,31.5241544222,272.184162572,148.254393635,114.994714406
194,210,New Haven,Connecticut,41.308274,-72.9278835,129934,10,21,47,4.16710667474,4.0163092133,4.02745671437,181.1,140.80952381,96.7234042553,2.0,1.80952380952,1.76595744681,7.69621500146,16.1620515031,36.1722105069,139.378453676,108.370036949,74.4404114822
208,211,Stamford,Connecticut,41.0534302,-73.5387341,129113,5,7,64,4.10375449196,4.00268177997,4.00633937608,114.2,105.428571429,104.28125,1.8,1.85714285714,1.734375,3.87257673511,5.42160742915,49.5689822094,88.4496526299,81.656046586,80.7674285316
197,212,Thousand Oaks,California,34.1705609,-118.8375937,128888,12,15,46,3.94392788744,4.09278632741,4.06765691273,207.5,181.0,186.956521739,1.81666666667,1.78666666667,1.60434782609,9.3104090373,11.6380112966,35.6899013097,160.992489603,140.432002979,145.053474132
210,213,Concord,California,37.9779776,-122.0310733,128726,5,11,94,4.06831455189,4.2363249258,4.14447568299,208.6,181.727272727,300.840425532,1.6,1.72727272727,1.69987725041,3.88421919426,8.54528222737,73.023320852,162.049624784,141.173712169,233.706031052
202,214,Elizabeth,New Jersey,40.6639916,-74.2107006,128640,2,15,107,3.81374501992,3.93530402393,4.10178875116,14.0,84.6666666667,151.53271028,1.0,1.66666666667,1.68785046729,1.55472636816,11.6604477612,83.1778606965,10.8830845771,65.8167495854,117.795950156
213,215,Lafayette,Louisiana,30.2240897,-92.0198427,127626,1,3,4,4.05714285714,4.0771000535,4.18282504013,2.0,14.6666666667,14.75,2.0,1.66666666667,1.5,0.783539404197,2.35061821259,3.13415761679,1.56707880839,11.4919112616,11.5572062119
212,216,Kent,Washington,47.3809335,-122.2348431,127514,5,23,153,4.14027980398,4.01217297043,4.11115106425,52.0,98.7826086957,114.137254902,1.8,1.78260869565,1.53252412076,3.92113807111,18.0372351271,119.986824976,40.7798359396,77.4680495441,89.5095871057
201,217,Topeka,Kansas,39.0558235,-95.6890185,126808,3,3,7,4.38564814815,4.38564814815,4.14158808065,76.0,76.0,72.0,2.0,2.0,1.85714285714,2.36578133872,2.36578133872,5.52015645701,59.9331272475,59.9331272475,56.7787521292
209,218,Simi Valley,California,34.2694474,-118.781482,126327,1,15,44,4.5,4.08482374471,4.06864910342,41.0,180.666666667,167.818181818,1.0,1.72,1.67727272727,0.791596412485,11.8739461873,34.8302421493,32.4554529119,143.015085189,132.844270677
219,219,Santa Clara,California,37.3541079,-121.9552356,125948,17,27,63,3.90408387814,3.88936551839,3.97246094022,369.882352941,346.962962963,300.46031746,1.76470588235,1.74074074074,1.74603174603,13.4976339442,21.4374186172,50.0206434401,293.678623671,275.481121545,238.559022343
221,220,Athens-Clarke County,Georgia,33.9519347,-83.357567,123371,8,8,8,4.15204058131,4.15204058131,4.15204058131,49.875,49.875,49.875,1.5,1.5,1.5,6.48450608328,6.48450608328,6.48450608328,40.4268426129,40.4268426129,40.4268426129
211,221,Hartford,Connecticut,41.7637111,-72.6850932,123243,11,19,52,4.05257022115,4.07302601058,4.11888908899,123.818181818,119.0,81.8846153846,1.57575757576,1.59649122807,1.66025641026,8.92545621252,15.4166970944,42.1930657319,100.466705467,96.5572081173,66.4415953722
217,222,Victorville,California,34.5362184,-117.2927641,122265,0,5,9,,3.83498285242,4.00920304748,,126.4,119.555555556,,1.8,1.77777777778,0.0,4.08947777369,7.36105999264,,103.381998119,97.7839574331
220,223,Abilene,Texas,32.4487364,-99.7331439,122225,3,3,3,4.5,4.5,4.5,7.0,7.0,7.0,1.33333333333,1.33333333333,1.33333333333,2.45448967069,2.45448967069,2.45448967069,5.72714256494,5.72714256494,5.72714256494
224,224,Norman,Oklahoma,35.2225668,-97.4394777,122180,5,6,24,3.80509629501,3.83758024584,3.89607797041,52.8,58.5,69.1666666667,1.8,1.83333333333,1.66666666667,4.09232280242,4.91078736291,19.6431494516,43.2149287936,47.8801767883,56.6104654335
222,225,Vallejo,California,38.1040864,-122.2566367,121299,3,6,105,4.0,4.1569888652,4.11789169735,132.666666667,143.5,286.133333333,2.0,2.0,1.71862026862,2.47322731432,4.94645462864,86.5629560013,109.3716079,118.302706535,235.890925179
230,226,Berkeley,California,37.8715926,-122.272747,121240,22,46,114,4.21984342009,4.23171463183,4.13213275168,396.454545455,372.717391304,302.166666667,1.66083916084,1.6856187291,1.73279352227,18.1458264599,37.9412735071,94.0283734741,326.999790048,307.421140964,249.230177059
250,227,Round Rock,Texas,30.5082551,-97.678896,120892,6,19,70,3.86581226321,4.09438193809,4.27139255169,158.666666667,171.210526316,160.671428571,1.66666666667,1.52631578947,1.4950166113,4.96310756708,15.7165072958,57.902921616,131.24662233,141.622709787,132.904930493
228,228,Ann Arbor,Michigan,42.2808256,-83.7430378,120782,13,23,50,3.96794473736,4.00730875744,3.96855566228,229.923076923,179.347826087,119.58,1.84615384615,1.82608695652,1.84,10.763193191,19.0425725688,41.3968968886,190.362038154,148.488869274,99.0048185988
236,229,Fargo,North Dakota,46.8771863,-96.7898034,120762,8,9,10,4.27916840338,4.35926080301,4.32333472271,28.125,25.7777777778,23.3,1.75,1.66666666667,1.6,6.62460045379,7.45267551051,8.28075056723,23.2896109703,21.3459347955,19.2941488216
234,230,Columbia,Missouri,38.9517053,-92.3340724,120612,7,8,9,4.31259137753,4.33356848335,4.35206087409,109.571428571,96.875,87.3333333333,1.83673469388,1.85714285714,1.87301587302,5.80373428846,6.63283918681,7.46194408517,90.846208148,80.3195370278,72.4084944561
223,231,Allentown,Pennsylvania,40.6084305,-75.4901833,120443,6,18,35,3.92208116107,3.82521835437,3.91753522265,66.3333333333,54.0555555556,74.2571428571,2.0,1.65925925926,1.76761904762,4.98160955805,14.9448286741,29.0593890886,55.0744612251,44.8806120369,61.6533487684
218,232,Evansville,Indiana,37.9715592,-87.5710898,119477,4,6,7,4.12965167151,4.08643444768,4.21694381229,38.0,30.1666666667,26.2857142857,2.0,1.83333333333,1.85714285714,3.34792470517,5.02188705776,5.85886823405,31.8052846991,25.2489321515,22.0006480626
225,233,Beaumont,Texas,30.080174,-94.1265562,118299,1,1,3,4.0,4.0,4.33333333333,1.0,1.0,2.33333333333,1.0,1.0,1.0,0.845315683142,0.845315683142,2.53594704943,0.845315683142,0.845315683142,1.97240326066
246,234,Odessa,Texas,31.8456816,-102.3676431,117871,1,1,3,3.5,3.5,3.74262152778,15.0,15.0,21.6666666667,2.0,2.0,2.0,0.848385098964,0.848385098964,2.54515529689,12.7257764845,12.7257764845,18.3816771442
239,235,Wilmington,North Carolina,34.2257255,-77.9447102,117525,12,16,20,4.34689296812,4.3630736719,4.38853926643,105.416666667,83.8125,75.6,1.58333333333,1.5625,1.5,10.2105934907,13.6141246543,17.0176558179,89.6972275402,71.3146139119,64.3267389917
240,236,Arvada,Colorado,39.8027644,-105.0874842,117453,18,84,197,4.23574055472,4.1458873553,4.12387339957,114.388888889,146.226190476,130.670050761,1.55555555556,1.41666666667,1.52838024919,15.3252790478,71.5179688897,167.726665134,97.3912023438,124.49762073,111.253055062
226,237,Independence,Missouri,39.0911161,-94.4155068,117030,0,24,49,,4.05711191856,3.93612068977,,91.7083333333,86.5510204082,,1.61458333333,1.75,0.0,20.5075621635,41.8696060839,,78.3630977812,73.9562679725
232,238,Provo,Utah,40.2338438,-111.6585337,116868,0,1,2,,3.5,3.5,,99.0,101.5,,2.0,2.0,0.0,0.85566622172,1.71133244344,,84.7109559503,86.8501215046
235,239,Lansing,Michigan,42.732535,-84.5555347,116020,12,16,22,3.57238116905,3.78255918895,3.88394884221,80.0,62.0625,51.4545454545,1.91666666667,1.8125,1.81818181818,10.3430443027,13.7907257369,18.9622478883,68.9536286847,53.4929322531,44.3497202677
233,240,El Monte,California,34.0686206,-118.0275667,115807,6,31,167,3.99381150389,4.07071905883,4.19828489913,249.5,314.903225806,281.616766467,1.33333333333,1.6,1.54578116494,5.18103396168,26.7686754687,144.205445267,215.44466224,271.920717924,243.177671874
229,241,Springfield,Illinois,39.7817213,-89.6501481,115715,3,4,5,3.99861287853,4.2489596589,4.29916772712,220.333333333,165.75,134.6,2.0,1.75,1.8,2.59257658903,3.45676878538,4.32096098172,190.410347261,143.239856544,116.320269628
254,242,Fairfield,California,38.2493581,-122.0399663,114756,5,7,38,4.21393599319,4.00525304459,4.11035955764,144.0,205.142857143,160.421052632,1.05,1.32142857143,1.62938596491,4.35707065426,6.09989891596,33.1137369724,125.483634843,178.764384558,139.793172149
251,243,Clearwater,Florida,27.9658533,-82.8001026,114361,11,24,83,4.39537699808,4.3097709492,4.24885888276,77.5454545455,87.7083333333,129.228915663,1.45454545455,1.54166666667,1.59208261618,9.61866370528,20.986175357,72.5771897762,67.8076044678,76.6942693168,113.000861887
231,244,Peoria,Illinois,40.6936488,-89.5889864,114265,4,5,5,3.7475459476,3.77772863483,3.77772863483,60.75,54.8,54.8,1.75,1.8,1.8,3.50063449,4.3757931125,4.3757931125,53.1658863169,47.958692513,47.958692513
245,245,Rochester,Minnesota,44.0121221,-92.4801989,114011,8,8,9,3.75733710077,3.75733710077,3.72874408958,57.625,57.625,51.4444444444,1.75,1.75,1.66666666667,7.01686679356,7.01686679356,7.89397514275,50.5433686223,50.5433686223,45.1223517419
243,246,Carlsbad,California,33.1580933,-117.3505939,113952,18,47,106,4.28025022263,4.29486267874,4.28583401574,353.777777778,243.127659574,290.330188679,1.5,1.29787234043,1.34289970209,15.7961246841,41.2454366751,93.0216231396,310.462104902,213.359712488,254.782881107
244,247,Westminster,Colorado,39.8366528,-105.0372046,113875,19,74,194,4.25977689521,4.16205719893,4.12909320071,89.2105263158,148.783783784,130.407216495,1.47368421053,1.47297297297,1.52624179944,16.6849615807,64.9835345774,170.362239297,78.340747588,130.655353487,114.517863003
249,248,West Jordan,Utah,40.6096698,-111.9391031,113699,4,14,43,3.91120956215,3.85183253642,3.72614606771,190.0,135.642857143,197.651162791,1.75,1.85714285714,1.85688729875,3.51806084486,12.313212957,37.8191540823,167.107890131,119.29995615,173.837204189
291,249,Pearland,Texas,29.5635666,-95.2860474,113570,3,8,64,4.04016064257,3.9506156141,4.05723013068,144.333333333,138.375,138.9375,1.66666666667,1.875,1.67801339286,2.64154266091,7.04411376244,56.3529100995,127.087552464,121.841155235,122.336444484
274,250,Richardson,Texas,32.9483335,-96.7298519,113347,8,23,83,3.94016439704,3.92769545401,3.99059582314,69.375,129.434782609,142.180722892,1.5625,1.71739130435,1.72489959839,7.05797242097,20.2916707103,73.2264638676,61.2058545881,114.193390746,125.43845262
237,251,Downey,California,33.9401088,-118.1331593,113267,5,29,180,3.85357713816,4.15253080751,4.17696365714,391.4,305.206896552,299.277777778,2.0,1.67711598746,1.57858585859,4.41434839803,25.6032207086,158.916542329,345.555192598,269.457914972,264.22327578
242,252,Miami Gardens,Florida,25.9420377,-80.2456045,113058,1,8,59,4.5,4.07143597019,4.18250077122,11.0,106.625,143.542372881,2.0,1.625,1.68285144566,0.884501760159,7.07601408127,52.1856038494,9.72951936174,94.3100001769,126.963481471
265,253,Temecula,California,33.4936391,-117.1483648,113054,21,23,65,4.46014980435,4.45101869895,4.37269613401,163.380952381,175.782608696,183.646153846,1.34761904762,1.36086956522,1.32769230769,18.575194155,20.344260265,57.494648575,144.515852938,155.485527885,162.441093501
238,254,Costa Mesa,California,33.6411316,-117.9186689,112822,10,25,95,4.03719312581,4.12434656239,4.16434605193,280.1,215.76,297.747368421,1.6,1.6,1.58947368421,8.86351952633,22.1587988158,84.2034355002,248.267181933,191.2392973,263.908961391
292,255,College Station,Texas,30.627977,-96.3344068,112141,7,8,8,3.57038293609,3.61744646804,3.61744646804,48.7142857143,47.0,47.0,2.0,1.875,1.875,6.24214158961,7.13387610241,7.13387610241,43.4402098379,41.9115221016,41.9115221016
248,256,Elgin,Illinois,42.0354084,-88.2825668,112123,4,11,85,4.125,3.8991612671,3.94706096647,139.0,180.454545455,150.623529412,2.0,2.0,1.91764705882,3.56751068024,9.81065437065,75.809601955,123.970996138,160.943379552,134.337762468
262,257,Murrieta,California,33.5539143,-117.2139232,111674,15,25,52,4.51094739586,4.43494309998,4.36953586704,126.866666667,160.96,183.5,1.29333333333,1.332,1.37115384615,13.4319537224,22.3865895374,46.5641062378,113.604479706,144.133818078,164.317567205
253,258,Gresham,Oregon,45.5001357,-122.4302013,111523,5,28,132,4.18142646395,4.23447225267,4.15201353895,197.6,118.428571429,141.196969697,1.8,1.57954545455,1.58870523416,4.48338010993,25.1069286156,118.361234902,177.183181945,106.192060318,126.607937104
259,259,High Point,North Carolina,35.9556923,-80.0053176,111223,2,2,32,3.92116863736,3.92116863736,3.96875898592,54.5,54.5,70.78125,2.0,2.0,1.80965909091,1.79818922345,1.79818922345,28.7710275752,49.0006563391,49.0006563391,63.6390404862
264,260,Antioch,California,38.0049214,-121.805789,110898,1,3,42,4.5,3.65871399356,4.08575634607,161.0,238.666666667,187.142857143,2.0,2.0,1.69642857143,0.901729517214,2.70518855164,37.872639723,145.178452271,215.212778108,168.752238221
241,261,Inglewood,California,33.9616801,-118.3531311,110654,6,45,130,4.39817956301,4.25514159596,4.14930601666,168.333333333,301.888888889,325.476923077,1.33333333333,1.50909090909,1.6165034965,5.42230737253,40.667305294,117.483326405,152.125845729,272.822391318,294.139319931
263,262,Cambridge,Massachusetts,42.3736158,-71.1097335,110651,33,39,77,4.33949716645,4.33419649297,4.11637740829,156.484848485,149.974358974,121.558441558,1.77489177489,1.75824175824,1.80612244898,29.8234991098,35.2459534934,69.5881645896,141.421992106,135.538186708,109.857517382
256,263,Lowell,Massachusetts,42.6334247,-71.3161718,110558,3,7,86,3.79488599274,4.01426172965,4.1603811768,58.0,67.7142857143,108.930232558,1.5,1.78571428571,1.76245847176,2.71350784204,6.33151829809,77.7872248051,52.4611516127,61.2477484346,98.5276800938
247,264,Manchester,New Hampshire,42.9956397,-71.4547891,110506,8,13,35,3.75879184687,3.96826756623,4.04682382952,87.375,58.4615384615,65.4,1.875,1.76923076923,1.78571428571,7.23942591353,11.7640671095,31.6724883717,79.0681048993,52.9034970604,59.1823068431
255,265,Billings,Montana,45.7832856,-108.5006904,110323,10,11,12,3.98004248743,3.96973841802,3.93059354985,53.9,50.0909090909,46.25,1.55,1.5,1.45833333333,9.06429303047,9.97072233351,10.8771516366,48.8565394342,45.4038678162,41.9223552659
258,266,Pueblo,Colorado,38.2544472,-104.6091409,110291,4,5,5,3.99278015681,4.09422412545,4.09422412545,87.25,71.8,71.8,1.75,1.6,1.6,3.62676918334,4.53346147918,4.53346147918,79.1089028117,65.100506841,65.100506841
269,267,Palm Bay,Florida,28.0344621,-80.5886646,110104,2,5,14,4.01217032365,4.33257356608,4.27866159444,74.5,97.0,54.2857142857,1.5,1.4,1.53571428571,1.81646443363,4.54116108407,12.7152510354,67.6633001526,88.0985250309,49.304034627
267,268,Centennial,Colorado,39.5807452,-104.8771726,109932,10,45,143,3.96024330921,4.04867018824,4.09124470471,116.6,126.844444444,138.769230769,1.6,1.57777777778,1.52447552448,9.09653240185,40.9343958083,130.080413346,106.065567806,115.384459888,126.231880407
261,269,Richmond,California,37.9357576,-122.3477486,109813,10,28,108,4.22911235197,4.17554547957,4.11926404723,173.9,309.821428571,310.074074074,1.7,1.66208791209,1.74572649573,9.10638995383,25.4978918707,98.3490115014,158.360121297,282.135474462,282.365543309
257,270,San Buenaventura (Ventura),California,34.274646,-119.2290316,109592,15,18,36,4.04688136288,4.02974779515,4.16577923918,155.266666667,139.333333333,153.305555556,1.56923076923,1.58547008547,1.65384615385,13.6871304475,16.424556537,32.8491130739,141.677008054,127.138233934,139.887542481
275,271,Pompano Beach,Florida,26.2378597,-80.1247667,109393,10,26,42,4.48450659242,4.11963737166,4.16453023021,158.1,156.961538462,148.0,1.7,1.71923076923,1.6119047619,9.14135273738,23.7675171172,38.393681497,144.524786778,143.484078928,135.292020513
276,272,North Charleston,South Carolina,32.8546197,-79.9748103,109298,17,39,47,4.42500787208,4.31308380827,4.2520241533,81.8235294118,116.769230769,111.446808511,1.53250773994,1.55947561211,1.59190529515,15.553807023,35.6822631704,43.0017017695,74.862787436,106.835651859,101.966008994
268,273,Everett,Washington,47.9789848,-122.2020794,109043,8,24,101,4.33456261721,4.35462585729,4.20343711152,96.875,70.7916666667,85.9504950495,1.625,1.52083333333,1.47524752475,7.33655530387,22.0096659116,92.6240107114,88.8410993828,64.9208721941,78.8225700407
252,274,Waterbury,Connecticut,41.5581525,-73.0514965,108272,5,11,62,4.0,4.07888184167,4.03992378855,33.8,30.2727272727,91.8709677419,1.4,1.54545454545,1.7311827957,4.61799911334,10.1595980494,57.2631890055,31.2176740062,27.9598855408,84.8520095149
279,275,West Palm Beach,Florida,26.7153424,-80.0533746,108161,4,8,24,3.32474496707,3.95645177544,4.10607495399,114.5,78.75,88.0416666667,1.75,1.75,1.625,3.69819066022,7.39638132044,22.1891439613,105.860707649,72.8081286231,81.3987173442
278,276,Boulder,Colorado,40.0149856,-105.2705456,108090,20,35,142,4.24010559263,4.27049659451,4.15365358852,174.05,129.8,130.866197183,1.60454545455,1.6025974026,1.51472471191,18.5030992691,32.380423721,131.372004811,161.02322139,120.085114257,121.071511873
260,277,West Covina,California,34.0686208,-117.9389526,107847,9,25,152,4.17709284812,4.0685565432,4.19807660776,229.222222222,254.36,274.118421053,1.66666666667,1.64,1.55598086124,8.34515563715,23.180987881,140.940406316,212.543902215,235.852643096,254.173431855
277,278,Broken Arrow,Oklahoma,36.060949,-95.7974526,107403,2,2,13,3.99230917502,3.99230917502,4.093987495,77.0,77.0,90.9230769231,2.0,2.0,2.0,1.86214537769,1.86214537769,12.103944955,71.6925970411,71.6925970411,84.6559937088
295,279,Clovis,California,36.8252277,-119.7029194,106583,10,18,26,3.84436970772,3.87742219405,3.8438701849,131.2,105.666666667,83.6923076923,1.8,1.66666666667,1.65384615385,9.38235928807,16.8882467185,24.394134149,123.096553859,99.1402631439,78.5231300417
272,280,Daly City,California,37.6879241,-122.4702079,106472,9,38,101,4.23806290836,4.12610545091,4.15382921262,123.666666667,350.157894737,320.623762376,1.77777777778,1.84210526316,1.71820258949,8.45292659103,35.6901344955,94.8606206327,116.149472788,328.873219942,301.134347412
288,281,Lakeland,Florida,28.0394654,-81.9498042,106420,3,4,14,4.18515300222,4.26386475166,4.36236310381,58.6666666667,53.75,61.8571428571,2.0,2.0,1.85714285714,2.81901898139,3.75869197519,13.1554219132,55.1274823028,50.5074234167,58.1254866164
280,282,Santa Maria,California,34.9530337,-120.4357191,106290,3,6,17,4.03289473684,4.1344547749,4.06330500604,45.0,73.8333333333,76.4705882353,1.33333333333,1.66666666667,1.68235294118,2.82246683601,5.64493367203,15.9939787374,42.3370025402,69.4640449086,71.9452330749
266,283,Norwalk,California,33.9022367,-118.081733,106178,3,23,182,3.68634876153,4.08115568704,4.16738922431,504.333333333,284.869565217,295.318681319,2.0,1.82608695652,1.58871128871,2.82544406563,21.6617378365,171.410273315,474.988541255,268.29434084,278.135471867
294,284,Sandy Springs,Georgia,33.9304352,-84.3733147,105703,3,22,74,3.86780989968,4.02293835087,4.01754512197,199.666666667,98.1363636364,136.108108108,2.0,1.47178683386,1.67292213844,2.83814082855,20.8130327427,70.0074737708,188.894039589,92.8416068005,128.764659573
302,285,Hillsboro,Oregon,45.5228939,-122.989827,105164,8,19,126,3.71989186719,3.77505575597,4.10076453296,105.25,110.736842105,138.587301587,1.625,1.72631578947,1.60086580087,7.60716595033,18.067019132,119.812863718,100.081777034,105.299191839,131.782075223
271,286,Green Bay,Wisconsin,44.519159,-88.019826,105139,11,12,16,3.83140281129,3.84545257701,3.74936400924,86.6363636364,80.1666666667,62.4375,2.0,2.0,1.86458333333,10.4623403304,11.4134621786,15.2179495715,82.4017383049,76.2482681656,59.3856703982
290,287,Tyler,Texas,32.3512601,-95.3010624,104798,4,4,6,4.27703822681,4.27703822681,4.42605427745,31.75,31.75,26.1666666667,1.25,1.25,1.33333333333,3.8168667341,3.8168667341,5.72530010115,30.2963797019,30.2963797019,24.9686698856
270,288,Wichita Falls,Texas,33.9137085,-98.4933873,104724,3,3,3,3.19464587137,3.19464587137,3.19464587137,33.6666666667,33.6666666667,33.6666666667,2.0,2.0,2.0,2.86467285436,2.86467285436,2.86467285436,32.1479953656,32.1479953656,32.1479953656
286,289,Lewisville,Texas,33.046233,-96.994174,104659,3,13,95,4.30739739618,4.15938388895,4.04149099885,118.666666667,90.3076923077,128.957894737,1.66666666667,1.92307692308,1.71754385965,2.86645200126,12.4212920055,90.7709800399,113.384101383,86.2875551149,123.217205149
273,290,Burbank,California,34.1808392,-118.3089661,104447,11,34,117,4.17532799104,4.25266445894,4.14227508469,444.727272727,345.411764706,295.008547009,1.63636363636,1.59625668449,1.57389277389,10.5316572041,32.5523949946,112.018535717,425.792289608,330.705300014,282.448080853
307,291,Greeley,Colorado,40.4233142,-104.7091322,103990,7,7,54,4.35200401324,4.35200401324,4.24788902321,22.5714285714,22.5714285714,57.8333333333,1.42857142857,1.42857142857,1.46782641227,6.73141648235,6.73141648235,51.9280700067,21.7053837594,21.7053837594,55.6143218899
285,292,San Mateo,California,37.5629917,-122.3255254,103959,3,17,115,4.0,4.21738753748,4.11098952037,254.333333333,207.235294118,328.4,1.33333333333,1.64705882353,1.71772575251,2.88575303726,16.3526005444,110.620533095,244.647729714,199.343293142,315.893765812
281,293,El Cajon,California,32.7947731,-116.9625269,103768,17,25,154,4.15039616727,4.07676834825,4.23794888374,182.823529412,141.8,257.785714286,1.58823529412,1.45389473684,1.41018455229,16.3826998689,24.0922056896,148.407987048,176.18488302,136.650990671,248.425058097
299,294,Jurupa Valley,California,33.9971974,-117.4854802,103541,3,22,78,4.35685052918,4.33660738486,4.22002471866,52.3333333333,178.363636364,180.615384615,1.09090909091,1.28512396694,1.42657342657,2.89740296115,21.2476217151,75.3324769898,50.5435849889,172.263776054,174.438516738
283,295,Rialto,California,34.1064001,-117.3703235,103314,1,16,64,4.2803030303,4.16548870482,4.16244929973,15.0,159.9375,159.609375,2.0,1.5,1.44176136364,0.967923030761,15.4867684922,61.9470739687,14.5188454614,154.807189732,154.489589988
282,296,Davenport,Iowa,41.5236437,-90.5776367,102612,13,16,21,3.8566031534,3.82844923299,3.94072322513,55.6923076923,55.9375,48.7142857143,1.61538461538,1.6875,1.7619047619,12.669083538,15.5927182006,20.4654426383,54.2746537367,54.5136046466,47.4742580929
336,297,League City,Texas,29.5074538,-95.0949303,102010,7,14,45,4.02968144524,4.07504244869,4.09082167677,123.142857143,113.642857143,140.488888889,1.67857142857,1.625,1.65317460317,6.86207234585,13.7241446917,44.1133222233,120.71645637,111.4036439,137.720702763
306,298,Davie,Florida,26.0764783,-80.2521157,101871,3,15,60,4.33333333333,4.10382860079,4.16366509774,88.3333333333,102.6,146.816666667,1.0,1.51333333333,1.69401960784,2.94490090408,14.7245045204,58.8980180817,86.7109710647,100.71561092,144.120178134
284,299,Las Cruces,New Mexico,32.3199396,-106.7636538,101759,5,5,5,3.90569207755,3.90569207755,3.90569207755,108.2,108.2,108.2,1.2,1.2,1.2,4.91357029845,4.91357029845,4.91357029845,106.329661258,106.329661258,106.329661258
287,300,South Bend,Indiana,41.6763545,-86.2519898,101735,8,10,29,3.87905116869,3.8146351429,3.9898867016,102.375,89.9,81.7586206897,1.71875,1.775,1.78448275862,7.86356711063,9.82945888829,28.505430776,100.629085369,88.3668354057,80.3643000832
305,301,Vista,California,33.2000368,-117.2425355,101659,29,50,123,4.33650733691,4.29391663833,4.32292411369,120.448275862,280.58,269.097560976,1.1724137931,1.28,1.33577235772,28.5267413608,49.184036829,120.992730599,118.48264872,276.00114107,264.706086992
304,302,Renton,Washington,47.4828776,-122.2170661,100953,8,37,176,4.13256890841,4.16422499922,4.11029735343,123.375,118.081081081,110.886363636,1.625,1.54054054054,1.52543290043,7.92447970838,36.6507186513,174.338553584,122.210335503,116.966391371,109.839592322
301,303,San Angelo,Texas,31.4637723,-100.4370375,100702,1,1,2,4.0,4.0,4.5,161.0,161.0,94.0,2.0,2.0,1.5,0.993028936863,0.993028936863,1.98605787373,159.877658835,159.877658835,93.3447200651
